username_s,username_t,n_projects
adamjhh,abyjain,2
agrignar,aberke,1
agrignar,agnis,1
alonsolp,aberke,1
alonsolp,agnis,1
alonsolp,agrignar,19
alonsolp,aizpurua,1
alotaibi,alfredom,1
amohan,akanes,1
amores,abyjain,1
amores,adamjhh,1
amores,afuste,1
amosg,achituv,1
andreuhl,aekblaw,1
apaolaza,alhadidi,1
arista,almaha,1
artemd,amores,1
asma_gh,agata,1
asma_gh,akanes,1
avujic,abyjain,1
avujic,amores,1
aymerich,agata,1
azaria,akanes,1
azaria,asma_gh,2
bader_ch,asling,2
bakker,alfredom,1
barmak,aghasi,1
benb,akito,1
billp,aheyward,1
bjun,aamena,1
bonnerd,anneli,1
bowman,ascii,1
bridgitm,bcroy,1
cail,asling,1
cail,bader_ch,1
cassiano,abhia,1
cdvm,afuste,1
cebrian,alexis,1
cebrian,blakeley,1
changzj,achituv,1
changzj,amores,2
chrwang,ajking,1
cindykao,andresc,1
cindykao,artemd,4
clarkds,basheer,1
clites,bmaimon,1
cq_zhang,abhia,2
cq_zhang,cassiano,2
crisjf,amy_yu,1
crisjf,arista,1
crisjf,bjun,1
crisjf,ccandiav,2
crtaylor,bmaimon,1
crtaylor,clites,1
csmuts,aberke,1
csmuts,agnis,1
csmuts,agrignar,6
csmuts,alonsolp,6
csmuts,cassiano,2
cvx,akanes,4
cwillisf,ascii,1
cwillisf,bowman,1
danask,branger,1
danoran,chenf,1
darweesh,asling,1
darweesh,bader_ch,2
darweesh,cail,2
davidzac,calebh,1
dcalacci,aberke,1
dcalacci,amohan,1
ddh,akito,1
ddh,basheer,1
ddh,bmayton,2
ddh,danoran,1
delapa,calebh,5
devisj,agnis,1
devisj,agrignar,7
devisj,alonsolp,7
devisj,csmuts,5
devora,ave,3
dhaval,dcalacci,1
dignazio,a_hashmi,1
dignazio,ahope,1
djain,amores,1
djfitz,andresc,1
djfitz,clarkds,1
dkong,abyjain,1
dkong,amores,1
dkong,avujic,2
dkong,desireed,1
dlizardo,achituv,1
dlizardo,asling,1
dlizardo,bader_ch,1
dlizardo,darweesh,1
dmajilo,artemd,2
dmajilo,cindykao,2
dnunez,akito,1
dnunez,benb,1
doorleyr,agrignar,9
doorleyr,alonsolp,10
doorleyr,csmuts,3
doorleyr,devisj,5
dougb5,ajking,1
dougb5,chrwang,1
dsjen,ahope,1
dsouza,awad,3
dubeya,blakeley,1
dubeya,cebrian,3
dubeya,dcalacci,1
dubeya,dhaval,1
duhart,bmayton,1
duhart,ddh,1
dumo,asling,2
dumo,bader_ch,2
dumo,darweesh,1
dumo,dlizardo,1
dvlevine,clarkds,1
dvlevine,djfitz,1
eaman,alfredom,1
eaman,alotaibi,1
echristo,cjaffe,1
echu,anneli,2
ecstll,agrignar,2
ecstll,alonsolp,2
ecstll,alotaibi,1
eflynch,bmayton,1
eflynch,ddh,1
ehinosa,akanes,1
ehinosa,asma_gh,1
ehinosa,azaria,1
emoro,agrignar,1
emoro,alexis,1
emoro,alonsolp,1
emoro,cebrian,4
emoro,dcalacci,2
emoro,dhaval,2
emoro,doorleyr,1
emoro,eaman,1
emrogers,clites,1
erhardt,emreiser,1
ericr,ascii,2
ericr,bowman,1
ericr,cwillisf,1
erikad,ave,1
erikad,codyg,1
eschill,christan,1
ewadkins,arnavk,1
exposito,anneli,1
exposito,echu,1
eyi,ajking,1
eyi,chrwang,1
eyi,dougb5,1
felbo,blakeley,1
felbo,cebrian,2
felbo,dubeya,1
felbo,emoro,1
fergusoc,agata,1
fergusoc,akanes,2
fergusoc,amohan,1
fergusoc,asma_gh,1
fergusoc,cvx,1
fkraemer,bader_ch,1
flaviopp,aamena,2
flaviopp,bjun,1
flaviopp,ccandiav,1
fonuoha,bdunning,1
fpeng,fergusoc,1
gabem,davidsu,1
gaikwad,awad,1
gaikwad,dsouza,1
gaojian,aamena,1
gaojian,bjun,2
gba,aberke,1
gba,agrignar,1
gba,alonsolp,1
gba,csmuts,1
gbabio,aberke,1
gbabio,agrignar,3
gbabio,alonsolp,2
gbabio,csmuts,1
gbabio,doorleyr,1
gbabio,gba,1
gbernal,adamjhh,1
gbernal,amores,1
geppetto,cwwang,1
gershon,bmayton,2
gershon,ddh,3
gershon,duhart,1
gershon,eflynch,1
giorgiaf,achituv,1
giorgiaf,dlizardo,1
gleslie,asma_gh,1
gowharji,csmuts,1
groh,alexis,1
groh,blakeley,1
groh,cebrian,5
groh,dubeya,2
groh,emoro,3
groh,felbo,1
guanyun,chinyich,1
guysatat,barmak,4
guyzys,amirl,1
gyauney,arana,4
haewon,agata,1
haewon,akostrow,6
haewon,aymerich,1
haewon,blakeley,1
haewon,edith,1
haewon,gelso,1
hanelee,davidsu,1
hartmado,aamena,1
hartmado,arista,1
hartmado,crisjf,2
hartmado,flaviopp,1
hbailey,cohenm,1
hbedri,anderton,2
hbedri,erinhong,2
hchen25,haewon,2
heibeck,basheer,1
heibeck,chinyich,1
heibeck,clarkds,1
heun,benolds,2
hhao,alotaibi,1
hildreth,calebh,4
hildreth,davidzac,1
hildreth,delapa,2
hlarrea,aizpurua,1
hlarrea,alonsolp,2
hobinjk,benolds,1
hobinjk,heun,1
holbrow,akito,1
holbrow,benb,1
holbrow,dnunez,1
honghaod,alonsolp,2
hyoun,alexis,1
hyoun,cebrian,2
hyoun,emoro,2
hyoun,groh,2
igrover,abyjain,1
igrover,adamjhh,1
igrover,haewon,2
igrover,hchen25,1
inamura,achituv,1
inamura,amores,1
inamura,djain,1
inamura,dlizardo,2
inamura,giorgiaf,1
inigo,abhia,1
inigo,cq_zhang,1
irmandy,adamjhh,1
irmandy,carolx,1
ishwarya,dramsay,2
isysoev,anneli,2
isysoev,echu,2
itot,bandy,1
j_duro,asling,2
j_duro,bader_ch,2
j_duro,darweesh,1
j_duro,dlizardo,1
j_duro,dumo,2
j_klein,dlizardo,1
j_klein,inamura,1
jakory,haewon,2
jaleesat,carolx,1
jaleesat,irmandy,1
janetb,gabem,1
jaquesn,agata,1
jaquesn,akanes,3
jaquesn,asma_gh,2
jaquesn,azaria,1
jaquesn,cvx,3
jaquesn,ehinosa,1
jaquesn,fergusoc,1
jasrub,ahope,1
jasrub,britneyj,1
jasrub,dsjen,1
javierhr,akanes,2
javierhr,amores,1
javierhr,artemd,2
javierhr,csmuts,1
javierhr,cvx,2
javierhr,fergusoc,2
jerryao,abhia,1
jerryao,cassiano,2
jerryao,cq_zhang,2
jfduval,clites,1
jfduval,emrogers,1
jgroff,gbernal,1
jhgray,isysoev,1
jieqi,artemd,1
jieqi,ascii,1
jieqi,chrisg,1
jieqi,ericr,1
jifei,amosg,1
jifei,artemd,1
jifei,chinyich,2
jifei,danoran,1
jifei,ddh,1
jifei,gershon,1
jifei,guanyun,1
jifei,heibeck,2
jifei,jannik,1
jifei,jieqi,1
jingxian,dorghian,1
jinjoo,gelso,1
jinjoo,haewon,2
jinjoo,igrover,2
jiw,agnis,1
jiw,agrignar,3
jiw,alonsolp,3
jiw,csmuts,4
jiw,devisj,3
jiw,doorleyr,2
jiw,gowharji,1
jleland,cail,2
jleland,darweesh,1
jliberty,chialynn,1
jmin01,codyg,2
jmin01,erikad,1
jnazare,anneli,4
jnazare,bonnerd,1
jnazare,echu,2
jnazare,exposito,1
jnazare,guyzys,1
jnazare,isysoev,2
jobalbar,alfredom,1
jobalbar,alotaibi,2
jobalbar,bakker,1
jobalbar,ecstll,1
jobalbar,hhao,1
joe,adragos,2
jon,haewon,1
joscha,amarbles,1
josephk,bader_ch,1
josephk,fkraemer,1
jpcosta,asling,1
jpcosta,bader_ch,5
jpcosta,cail,1
jpcosta,darweesh,2
jpcosta,dlizardo,1
jpcosta,dumo,1
jpcosta,fkraemer,1
jpcosta,j_duro,1
jpcosta,josephk,1
jrye,calebh,1
jrye,delapa,1
jsirera,ashris,1
judyshen,agata,1
judyshen,asma_gh,1
judyshen,blakeley,1
judyshen,cebrian,1
judyshen,dubeya,1
judyshen,felbo,1
judyshen,fergusoc,1
judyshen,groh,1
judyshen,jaquesn,1
jvanzak,asling,2
jvanzak,ave,1
jvanzak,bader_ch,2
jvanzak,darweesh,1
jvanzak,devora,1
jvanzak,dlizardo,1
jvanzak,dumo,2
jvanzak,j_duro,2
jvanzak,jpcosta,1
kakehi,jifei,1
kalli,agnescam,1
kalli,anderton,2
kalli,dvlevine,1
kalli,hbedri,2
kamcco,ave,1
kamcco,cohenm,1
kamcco,guyzys,1
kamcco,hbailey,1
kamcco,jnazare,2
kanaya,bandy,1
kanaya,itot,1
kapeloni,cassiano,1
kapeloni,csmuts,2
kaschm,ascii,1
kaschm,bowman,1
kaschm,cwillisf,1
kaschm,ericr,1
katiav,cindykao,1
katsuyaf,amores,1
katsuyaf,changzj,1
katybell,aekblaw,1
katybell,ahope,1
katybell,ave,1
katybell,emilysa,2
katybell,gaikwad,1
katybell,kamcco,1
kdinakar,cbarabas,1
ked03,achituv,1
ked03,dlizardo,1
ked03,giorgiaf,1
ked03,inamura,1
ken_n,amosg,1
ken_n,artemd,1
ken_n,clarkds,1
ken_n,daniell,3
ken_n,djfitz,1
ken_n,dvlevine,1
ken_n,jifei,2
kenpasch,emrogers,1
kfirs,karydis,1
khanning,ascii,1
khanning,ericr,1
khanning,jieqi,1
kla11,arana,1
kla11,ggbhatia,1
kla11,gyauney,3
kmoerman,branger,2
kmoerman,danask,4
kolb,bader_ch,5
kolb,jpcosta,1
ktj,jaquesn,1
ktj,jnarain,1
kuan525,emrogers,1
kuan525,kenpasch,1
kzh,ahope,1
labdalla,ascii,1
lajv,clarkds,1
lajv,daniell,2
lajv,djfitz,2
lajv,dvlevine,1
lajv,ken_n,3
lemeb,britneyj,1
lemeb,jasrub,1
leob,alishap,1
lfreed,bmaimon,2
lfreed,clites,5
lfreed,crtaylor,1
lfreed,emrogers,1
lfreed,jfduval,1
lguterma,cohenm,1
lguterma,hbailey,1
lguterma,kamcco,1
limulus,asling,1
limulus,bader_ch,4
limulus,darweesh,1
limulus,dlizardo,1
limulus,dumo,1
limulus,j_duro,1
limulus,jpcosta,3
limulus,jvanzak,1
limulus,kolb,2
linder,kubat,1
liningy,chinyich,1
liningy,dvlevine,1
liningy,guanyun,1
liningy,heibeck,1
liningy,jifei,3
liuymit,chenhan,1
lizbethb,elenack,1
lizbethb,ezinne,1
lorrie,csbishop,2
lrocher,agnis,1
lrocher,agrignar,1
lrocher,alonsolp,1
lrocher,csmuts,1
lrocher,devisj,1
lrocher,jiw,1
lukeji,abhia,2
lukeji,cassiano,2
lukeji,cq_zhang,4
lukeji,inigo,1
lukeji,jerryao,2
lukulele,haewon,1
lukulele,jinjoo,1
m_kayser,bader_ch,1
m_kayser,cail,1
m_kayser,csmuts,1
m_kayser,darweesh,1
m_kayser,dlizardo,1
m_kayser,inamura,1
m_kayser,j_duro,1
m_kayser,j_klein,1
m_kayser,javierhr,1
m_kayser,jpcosta,1
madars,cbarabas,1
madars,kdinakar,1
maitanei,aberke,1
maitanei,agrignar,3
maitanei,aizpurua,1
maitanei,alhadidi,1
maitanei,alonsolp,4
maitanei,apaolaza,1
maitanei,csmuts,2
maitanei,devisj,1
maitanei,doorleyr,1
maitanei,gba,1
maitanei,gbabio,1
maitanei,hlarrea,1
manisham,cindykao,1
manisham,djfitz,1
manisham,katiav,1
matt54,ahope,1
matt54,dignazio,1
matt54,kzh,1
mbweber,emrogers,1
mbweber,kenpasch,1
mbweber,kuan525,1
mcarney,clites,2
mcarney,emrogers,3
mcarney,jfduval,2
mcarney,kenpasch,1
mcarney,kuan525,1
mcarney,lfreed,2
mcarney,mbweber,1
mcarty,clites,1
mcarty,lfreed,1
mcllin,abhia,2
mcllin,agnis,1
mcllin,agrignar,4
mcllin,alonsolp,4
mcllin,cassiano,2
mcllin,cq_zhang,4
mcllin,csmuts,2
mcllin,devisj,3
mcllin,doorleyr,3
mcllin,inigo,1
mcllin,jerryao,2
mcllin,jiw,1
mcllin,lrocher,1
mcllin,lukeji,4
mcllin,maitanei,1
mdchurch,aberke,1
mdchurch,agrignar,4
mdchurch,alonsolp,4
mdchurch,csmuts,1
mdchurch,doorleyr,1
mdchurch,gba,2
mdchurch,gbabio,1
mdchurch,maitanei,2
mdchurch,mcllin,1
mellis,chrisg,1
mellis,jieqi,1
mghoneim,asadraei,1
mhjiang,agnescam,1
mhjiang,anderton,1
mhjiang,eickhoff,2
mhjiang,hbedri,2
michalg,edith,1
michalg,haewon,1
minakhan,afuste,1
minakhan,ashris,1
minakhan,cdvm,1
minakhan,jsirera,1
minasg,anneli,2
minasg,echu,2
minasg,gbernal,1
minasg,isysoev,2
minasg,jgroff,1
minasg,jnazare,2
mingrui,katiav,1
mkaltenb,crisjf,1
mkaltenb,hartmado,1
mkh,aizpurua,1
mkh,alonsolp,1
mkh,hlarrea,1
mkh,jiw,1
mkh,maitanei,1
mkkr,kfirs,1
mlstern,achituv,1
mlstern,dlizardo,2
mlstern,giorgiaf,1
mlstern,inamura,2
mlstern,j_klein,1
mlstern,ked03,1
mlstern,m_kayser,1
mmv,aheyward,1
mmv,billp,1
mmv,lukeglw,1
moonshot,bader_ch,1
moonshot,kolb,1
mrfrank,alexis,1
mrfrank,cebrian,3
mrfrank,emoro,2
mrfrank,groh,2
mrfrank,hyoun,2
mrfrank,lorenzoc,1
mrinal,gyauney,1
msaveski,annyuan,1
msaveski,bcroy,1
msaveski,billp,1
msaveski,echu,1
muccillo,aekblaw,1
muthui,jaleesat,1
nah6cz,asling,2
nah6cz,bader_ch,2
nah6cz,darweesh,1
nah6cz,dlizardo,1
nah6cz,dumo,2
nah6cz,j_duro,2
nah6cz,jpcosta,1
nah6cz,jvanzak,2
nah6cz,limulus,1
naichun,agnis,1
naichun,agrignar,1
naichun,alonsolp,1
naichun,csmuts,1
naichun,devisj,1
naichun,jiw,1
naichun,lrocher,1
naichun,mcllin,1
naik,gordonw,1
naik,guysatat,1
naik,hangzhao,1
naik,michaf,2
nanaco,alhadidi,1
nanaco,apaolaza,1
nanaco,maitanei,1
nanzhao,azaria,1
nanzhao,maldrich,1
narula,adragos,2
narula,joe,2
narula,madars,1
nassia,achituv,1
nassia,bader_ch,1
nassia,cail,1
nassia,darweesh,1
nassia,dlizardo,1
nassia,giorgiaf,1
nassia,inamura,1
nassia,jpcosta,1
nassia,ked03,1
nassia,m_kayser,1
nassia,mlstern,1
nbakker,dkong,1
nbarry,katiav,1
nchinda2,agnescam,1
nchinda2,kalli,1
ncjones,agata,1
ncjones,asma_gh,1
ncjones,fergusoc,1
ncjones,jaquesn,1
ncjones,judyshen,1
nfarve,jaquesn,1
ngillani,annyuan,2
ngillani,belen,1
ngillani,echu,1
ngillani,exposito,1
ngillani,msaveski,1
ngyenes,jnmatias,1
niccolop,cebrian,2
niccolop,dubeya,1
niccolop,emoro,1
niccolop,groh,2
nicolelh,aekblaw,1
nicolelh,andreuhl,1
nikhita,akostrow,3
nikhita,haewon,4
nikhita,hchen25,1
nikhita,igrover,4
nikhita,jinjoo,2
ninawang,dkong,3
nlutz,agrignar,1
nlutz,alonsolp,1
nlutz,cassiano,1
nlutz,csmuts,1
nlutz,devisj,1
nlutz,doorleyr,1
nlutz,emilysa,1
nlutz,jiw,5
nlutz,kapeloni,1
nlutz,katybell,1
nobradov,blakeley,1
nobradov,cebrian,7
nobradov,dubeya,3
nobradov,emoro,2
nobradov,felbo,3
nobradov,groh,3
nobradov,judyshen,1
nobradov,mrfrank,1
nobradov,niccolop,2
noriega,agnis,1
noriega,agrignar,1
noriega,alonsolp,1
noriega,bakker,1
noriega,csmuts,1
noriega,devisj,1
noriega,jiw,1
noriega,lrocher,1
noriega,mcllin,1
noriega,naichun,1
novysan,amores,1
novysan,cwwang,1
novysan,danoran,1
novysan,djfitz,1
novysan,emilysa,1
novysan,geppetto,1
novysan,jhaas,1
novysan,katybell,1
noyman,aberke,1
noyman,agnis,1
noyman,agrignar,12
noyman,alonsolp,12
noyman,csmuts,5
noyman,devisj,5
noyman,doorleyr,8
noyman,emoro,1
noyman,gba,1
noyman,gbabio,2
noyman,jiw,5
noyman,lrocher,1
noyman,maitanei,2
noyman,mcllin,3
noyman,mdchurch,3
noyman,naichun,1
noyman,nlutz,1
noyman,noriega,1
nrusk,ascii,2
nrusk,chrisg,1
nrusk,ericr,1
nrusk,jaleesat,1
nrusk,jieqi,2
nrusk,khanning,1
nrusk,mellis,1
nrusk,morant,1
nsaltiel,cbarabas,1
nsaltiel,kdinakar,1
nsaltiel,madars,1
nsavidis,bdatta,1
nsavidis,emreiser,1
nv2247,chinyich,1
nv2247,djfitz,1
nv2247,heibeck,1
nv2247,jannik,1
nv2247,jifei,2
nv2247,manisham,1
oarino,aizpurua,1
oarino,alonsolp,1
oarino,hlarrea,1
oarino,maitanei,1
oarino,mkh,1
oceane,britneyj,1
oi7,alonsolp,2
oi7,csmuts,1
oi7,emreiser,1
oi7,gabem,1
oi7,honghaod,2
oi7,javierhr,1
oi7,kapeloni,1
oi7,m_kayser,1
oi7,nsavidis,1
oksana,chinyich,1
oksana,guanyun,1
oksana,jifei,1
oksana,liningy,1
olwal,daniell,1
orenled,amohan,2
orenled,dcalacci,1
orudovic,ecstll,1
otkrist,arana,1
otkrist,barmak,1
otkrist,guysatat,1
otkrist,gyauney,2
otkrist,mrinal,1
otts,morant,1
otts,nrusk,1
patorpey,akito,1
patorpey,benb,2
patorpey,dnunez,1
patorpey,holbrow,1
patpat,abyjain,3
patpat,amores,2
patpat,avujic,2
patpat,dkong,2
patpat,minakhan,1
paul_str,cherston,1
pbansal,anneli,1
pbansal,echu,1
pbansal,isysoev,1
pbansal,jnazare,1
pbansal,minasg,1
pbeshai,ajking,1
pbeshai,belen,1
pbeshai,chrwang,1
pbeshai,dougb5,1
pbeshai,eyi,1
pbeshai,ngillani,1
pcerqu,calebh,1
pcerqu,davidzac,1
pcerqu,hildreth,1
pcuellar,abyjain,1
pcuellar,adamjhh,1
pcuellar,ave,1
pcuellar,devora,1
pcuellar,haewon,2
pcuellar,hchen25,1
pcuellar,igrover,3
pcuellar,jvanzak,1
pcuellar,nikhita,3
pe25171,afuste,1
pe25171,cdvm,1
pe25171,minakhan,1
pernghwa,aheyward,1
pernghwa,billp,1
pernghwa,mmv,2
perovich,mavipasi,1
pewebb,achituv,1
pewebb,akito,1
pewebb,amosg,1
pewebb,britneyj,1
pewebb,ddh,1
pewebb,jasrub,1
pewebb,jifei,1
pewebb,ken_n,1
pewebb,lemeb,1
pinary,agnescam,1
pinary,cebrian,5
pinary,dubeya,1
pinary,emoro,1
pinary,felbo,1
pinary,nobradov,3
pjavia,arana,2
pjavia,gyauney,1
pkrafft,dcalacci,1
pkrafft,dhaval,3
pkrafft,dubeya,1
pkrafft,eaman,1
pkrafft,emoro,3
platte,akito,1
platte,benb,1
platte,dnunez,1
platte,holbrow,1
platte,patorpey,1
poitrast,calebh,3
poitrast,delapa,2
poitrast,hildreth,2
poitrast,jrye,1
pralav,aheyward,1
pralav,annyuan,1
pralav,belen,1
pralav,billp,1
pralav,bridgitm,1
pralav,echu,1
pralav,lukeglw,1
pralav,mmv,2
pralav,msaveski,1
pralav,ngillani,2
pralav,pbeshai,1
pralav,pernghwa,1
pranam,njakimo,2
prathima,aekblaw,1
prathima,andreuhl,1
prathima,nicolelh,1
pratiks,abyjain,1
pratiks,arana,5
pratiks,fkendall,1
pratiks,ggbhatia,1
pratiks,guysatat,1
pratiks,gyauney,8
pratiks,kla11,5
pratiks,mrinal,1
pratiks,otkrist,2
pratiks,patpat,1
pratiks,pjavia,2
ps1,ave,1
ps1,barrons,1
ps1,cohenm,1
ps1,guyzys,1
ps1,hbailey,1
ps1,jnazare,4
ps1,kamcco,7
ps1,katybell,1
ps1,lguterma,1
ptinn,abhia,2
ptinn,agrignar,3
ptinn,alonsolp,3
ptinn,cassiano,2
ptinn,cq_zhang,4
ptinn,csmuts,1
ptinn,devisj,2
ptinn,doorleyr,3
ptinn,inigo,1
ptinn,jerryao,2
ptinn,jiw,1
ptinn,lukeji,4
ptinn,maitanei,1
ptinn,mcllin,10
ptinn,mdchurch,1
ptinn,noyman,3
quacht,ascii,1
rachaelp,lizbethb,1
rahulb,a_hashmi,1
rahulb,ahope,1
rahulb,dignazio,2
rahulb,dsjen,1
rahulb,elplatt,2
rahulb,emreiser,1
rahulb,erhardt,1
rahulb,jasrub,1
rahulb,jnmatias,1
rahulb,mavipasi,1
rahulb,ngyenes,1
rahulb,perovich,1
randiw12,edith,1
randiw12,haewon,4
randiw12,hchen25,1
randiw12,igrover,1
randiw12,jakory,1
randiw12,michalg,1
randiw12,nikhita,1
randiw12,pcuellar,1
rbaynes,calebh,3
rbaynes,delapa,1
rbaynes,hildreth,1
rbaynes,poitrast,1
rboldu,amores,2
rboldu,changzj,1
rchin,agnis,1
rchin,jiw,1
rchin,noyman,1
rchin,ptinn,1
rebekahj,calebh,5
rebekahj,delapa,5
rebekahj,hildreth,2
rebekahj,jrye,1
rebekahj,poitrast,3
rebekahj,rbaynes,2
rebklein,akito,2
rebklein,benb,1
rebklein,davidsu,1
rebklein,ddh,1
rebklein,dnunez,1
rebklein,gabem,2
rebklein,holbrow,2
rebklein,janetb,1
rebklein,patorpey,1
rebklein,pewebb,1
rebklein,platte,1
redosan,aghasi,1
redosan,barmak,1
renri,fkraemer,1
ria,chrisg,1
ria,jieqi,1
ria,mellis,1
ria,nrusk,1
richer,afuste,1
richer,amores,1
richer,azaria,1
richer,nanzhao,1
rohan,guysatat,1
rohan,pratiks,1
romka,emrogers,1
romka,kenpasch,1
romka,kuan525,1
romka,mbweber,1
romka,mcarney,1
rosello,abyjain,2
rosello,adamjhh,3
rosello,amores,3
rosello,avujic,1
rosello,dkong,1
rosello,exposito,1
rosello,gbernal,1
rosello,igrover,1
rosello,irmandy,1
rosello,patpat,2
rosello,pcuellar,1
rriso,bmaimon,1
rriso,clites,1
rriso,crtaylor,1
rriso,lfreed,1
rschamp,ascii,1
rschamp,bowman,1
rschamp,cwillisf,1
rschamp,ericr,1
rschamp,kaschm,1
rssmith,bader_ch,3
rssmith,danoran,1
rssmith,fkraemer,2
rssmith,josephk,1
rssmith,jpcosta,2
rssmith,kolb,1
rssmith,limulus,2
rssmith,novysan,1
rssmith,renri,1
rubezc,mavipasi,1
ruiqing,junni,1
russell5,aheyward,1
russell5,ajking,1
russell5,bcroy,1
russell5,billp,1
russell5,chrwang,1
russell5,dougb5,1
russell5,echu,1
russell5,eyi,1
russell5,lukeglw,1
russell5,mmv,2
russell5,pbeshai,1
russell5,pernghwa,1
russell5,pralav,3
ryanz,aberke,1
ryanz,agrignar,8
ryanz,alonsolp,8
ryanz,chenhan,1
ryanz,csmuts,4
ryanz,devisj,3
ryanz,doorleyr,5
ryanz,gba,1
ryanz,gbabio,2
ryanz,gowharji,1
ryanz,jiw,2
ryanz,liuymit,1
ryanz,maitanei,2
ryanz,mcllin,3
ryanz,mdchurch,2
ryanz,noyman,6
ryanz,ptinn,3
safinah,akostrow,1
safinah,haewon,1
samuelsp,haewon,3
samuelsp,hchen25,2
samuelsp,igrover,1
samuelsp,jon,1
samuelsp,nikhita,1
samuelsp,pcuellar,1
samuelsp,randiw12,1
sands,nicolelh,2
sangwon,harshit,1
sanjayg,almaha,1
saquib,anneli,1
saquib,aybose,1
saquib,cjaffe,1
saquib,echristo,1
saquib,echu,1
saquib,isysoev,1
saquib,jbobrow,1
saquib,jnazare,1
saquib,minasg,1
saquib,pbansal,1
sareen,andresc,1
sareen,djfitz,1
sareen,jifei,1
sareen,kakehi,1
sataylor,akanes,6
sataylor,amohan,1
sataylor,asma_gh,2
sataylor,azaria,2
sataylor,cvx,2
sataylor,ehinosa,1
sataylor,fergusoc,2
sataylor,fpeng,1
sataylor,jaquesn,4
sataylor,ktj,1
sballing,anneli,2
sballing,bonnerd,1
sballing,exposito,1
sballing,jnazare,2
schaad,aheyward,1
schaad,billp,1
schaad,koehrsen,1
schaad,mmv,1
schaad,pernghwa,1
schaad,pralav,1
schaad,russell5,1
sdg1,ascii,1
sdg1,nrusk,1
sfalcone,bader_ch,1
sfalcone,cail,1
sfalcone,darweesh,1
sfalcone,jpcosta,1
sfalcone,m_kayser,1
sfalcone,nassia,1
sfedor,akanes,2
sfedor,asma_gh,1
sfedor,cvx,2
sfedor,jaquesn,3
sfedor,ktj,1
sfedor,sataylor,3
sfollmer,artemd,1
sfollmer,javierhr,1
sfr,bmayton,2
sfr,ddh,3
sfr,duhart,1
sfr,eflynch,1
sfr,gershon,4
shada,alotaibi,2
shada,ecstll,2
shada,hhao,1
shada,jobalbar,2
shantell,jbobrow,1
shantell,saquib,1
shiboxin,hangzhao,1
shiboxin,naik,1
shoh,bandy,1
shoh,itot,1
shoh,kanaya,1
shriyas,bmaimon,3
shriyas,clites,3
shriyas,crtaylor,1
shriyas,lfreed,4
shriyas,mcarty,1
shriyas,rriso,1
shrutid,nrusk,1
shuguang,junni,1
shuguang,ruiqing,3
simun,ahope,1
simun,katybell,1
singhv,alfredom,1
singhv,bakker,1
singhv,jobalbar,1
sjolly,bdatta,2
sjolly,nsavidis,1
slavin,amarbles,1
slavin,cwwang,3
slavin,geppetto,1
slavin,gregab,2
slavin,jbobrow,2
slavin,jieqi,1
slavin,joscha,2
slavin,mperez4,1
slavin,mslw,2
slavin,novysan,1
slotnick,chialynn,1
slotnick,jliberty,2
smpsnr,agnescam,1
smpsnr,britneyj,1
smpsnr,mhjiang,1
smpsnr,oceane,1
snehapm,anneli,3
snehapm,bonnerd,1
snehapm,echu,1
snehapm,exposito,1
snehapm,isysoev,2
snehapm,jhgray,1
snehapm,jnazare,3
snehapm,minasg,1
snehapm,pbansal,1
snehapm,saquib,1
snehapm,sballing,2
snowak,calebh,1
snowak,delapa,1
snowak,hildreth,1
snowak,poitrast,1
snowak,rebekahj,1
sooyeon6,agata,1
sooyeon6,aymerich,1
sooyeon6,haewon,3
sooyeon6,jakory,2
sooyeon6,jinjoo,1
sooyeon6,lukulele,1
soph,aheyward,1
soph,billp,1
soph,mmv,2
soph,pernghwa,2
soph,pralav,1
soph,russell5,1
soph,schaad,1
soroush,aheyward,1
soroush,billp,1
soroush,echu,2
soroush,lukeglw,1
soroush,mmv,2
soroush,msaveski,1
soroush,pernghwa,1
soroush,pralav,3
soroush,russell5,3
soroush,schaad,1
soroush,soph,1
sovsey,akito,1
sovsey,benb,1
sovsey,dnunez,1
sovsey,holbrow,1
sovsey,patorpey,1
sovsey,platte,1
sovsey,rebklein,1
sra,abyjain,1
sra,andresc,1
sra,cvx,1
sra,pralav,1
srife,cjaffe,1
srife,echristo,1
srife,saquib,1
srishti,guyzys,1
srishti,jnazare,1
srishti,kamcco,2
srishti,ps1,2
srkeyes,danask,1
srkeyes,kmoerman,1
ssunanda,asling,1
ssunanda,bader_ch,6
ssunanda,bdatta,1
ssunanda,darweesh,1
ssunanda,dlizardo,1
ssunanda,dumo,1
ssunanda,fkraemer,1
ssunanda,j_duro,2
ssunanda,josephk,1
ssunanda,jpcosta,4
ssunanda,jvanzak,1
ssunanda,kolb,3
ssunanda,limulus,4
ssunanda,m_kayser,1
ssunanda,moonshot,2
ssunanda,nah6cz,1
ssunanda,rssmith,3
steinerh,chinyich,1
steinerh,guanyun,1
steinerh,jifei,1
steinerh,liningy,1
steinerh,oksana,1
stevenk,bader_ch,1
stevenk,cail,2
stevenk,darweesh,1
stevenk,jleland,2
stevenk,kolb,1
stevenk,moonshot,3
stevenk,ssunanda,2
suhara,eaman,1
suhara,emoro,1
suhara,pkrafft,1
suhara,singhv,1
sunlijun,lduan,1
sunlijun,lorenzoc,1
sunlijun,mrfrank,2
sunlijun,nobradov,1
suryaj,desireed,1
suryaj,dkong,2
suryaj,ninawang,1
swgreen,erinhong,2
swgreen,hbedri,2
syeon,bmaimon,1
syeon,clites,3
syeon,crtaylor,1
syeon,emrogers,3
syeon,jfduval,2
syeon,kenpasch,1
syeon,kuan525,1
syeon,lfreed,3
syeon,mbweber,1
syeon,mcarney,5
syeon,romka,1
syeon,rriso,1
syeon,shriyas,1
taikawa,cdvm,1
taiyu,abhia,2
taiyu,cassiano,1
taiyu,cq_zhang,2
taiyu,inigo,1
taiyu,jerryao,1
taiyu,lukeji,2
taiyu,mcllin,3
taiyu,ptinn,3
taka_y,achituv,1
tarmelop,nrusk,1
tcarew,bdunning,4
tcarew,fonuoha,1
tdryja,adragos,2
tdryja,joe,2
tdryja,narula,2
tekofsky,slavin,1
tempest,dnunez,1
tenzin,slavin,1
terumi,akanes,1
terumi,sataylor,1
thariq,ken_n,1
thariq,kzh,1
thariq,sataylor,1
thhsieh,clites,2
thhsieh,emrogers,1
thhsieh,jfduval,2
thhsieh,lfreed,2
thhsieh,mcarney,3
thhsieh,syeon,3
thomassl,aberke,1
thomassl,akito,1
thomassl,chenhan,1
thomassl,ddh,1
thomassl,gbernal,1
thomassl,jgroff,1
thomassl,liuymit,1
thomassl,minasg,1
thomassl,nicolelh,2
thomassl,pewebb,1
thomassl,rebklein,1
thomassl,ryanz,1
thomassl,sands,1
tice,ddh,1
tillberg,chenf,1
tillberg,danoran,1
tjlevy,cwwang,1
tjlevy,geppetto,1
tjlevy,novysan,1
tjlevy,slavin,2
tmickel,ascii,1
tmickel,bowman,1
tmickel,cwillisf,1
tmickel,ericr,1
tmickel,kaschm,1
tmickel,rschamp,1
tomasero,abyjain,2
tomasero,adamjhh,4
tomasero,amores,1
tomasero,davidsu,1
tomasero,gbernal,1
tomasero,igrover,1
tomasero,irmandy,1
tomasero,minakhan,1
tomasero,patpat,1
tomasero,pcuellar,1
tomasero,rosello,3
tonolini,junsuj,1
tonyshu,clites,2
tonyshu,emrogers,2
tonyshu,jfduval,2
tonyshu,kenpasch,1
tonyshu,kuan525,1
tonyshu,lfreed,2
tonyshu,mbweber,1
tonyshu,mcarney,4
tonyshu,romka,1
tonyshu,syeon,4
tonyshu,thhsieh,3
trich,aekblaw,1
trich,britneyj,1
trich,jasrub,1
trich,katybell,1
trich,kzh,3
trich,lemeb,1
trich,pewebb,1
trich,thariq,1
trujano,ashris,1
trujano,jsirera,1
trujano,minakhan,1
tsavas,calebh,4
tsavas,delapa,3
tsavas,hildreth,3
tsavas,jrye,1
tsavas,poitrast,3
tsavas,rbaynes,1
tsavas,rebekahj,3
tsavas,snowak,1
ttseng,chrisg,1
ttseng,jieqi,1
ttseng,mellis,1
ttseng,nrusk,1
ttseng,ria,1
udayan,andresc,1
udayan,daniell,1
udayan,djfitz,1
udayan,jifei,1
udayan,kakehi,1
udayan,ken_n,2
udayan,sareen,2
ufuoma,lizbethb,1
unsoo,jleng,1
utkarshs,minakhan,1
vex,junni,1
vex,ruiqing,1
vex,shuguang,1
viirj,amores,2
viirj,changzj,1
viirj,daniell,1
viirj,djain,1
viirj,inamura,1
viirj,kakehi,1
viirj,katiav,1
viirj,katsuyaf,1
viirj,ken_n,1
viirj,lajv,1
viirj,nbarry,1
vpanzica,arata,1
vparth,davidsu,1
vparth,nlutz,1
vparth,tomasero,1
vram,ddh,1
vsumini,aekblaw,1
vsumini,bmayton,1
vsumini,duhart,1
vsumini,muccillo,1
weller,achituv,1
weller,anderton,2
weller,dlizardo,1
weller,giorgiaf,1
weller,inamura,1
weller,ked03,1
weller,mhjiang,1
weller,mlstern,1
weller,nassia,1
weller,suzwang,1
wesc,ajking,1
wesc,chrwang,1
wesc,dougb5,1
wesc,eyi,1
wesc,pbeshai,1
wesc,russell5,1
wjlc,erinhong,2
wjlc,hbedri,2
wjlc,swgreen,2
wschen,ajking,1
wschen,chrwang,1
wschen,dougb5,1
wschen,eyi,1
wschen,pbeshai,1
wschen,russell5,1
wschen,wesc,1
wwen,chinyich,1
wwen,dvlevine,1
wwen,guanyun,1
wwen,jifei,2
wwen,liningy,3
wwen,oksana,1
wwen,steinerh,1
x_x,akito,2
x_x,ddh,2
x_x,pewebb,1
x_x,rebklein,1
x_x,thomassl,1
xavib,amores,3
xavib,novysan,1
xavib,rboldu,1
xdong,alfredom,1
xdong,alotaibi,1
xdong,dcalacci,2
xdong,eaman,1
xdong,emoro,3
xdong,singhv,1
xdong,suhara,2
xiaojiao,dorghian,1
xiaojiao,jingxian,1
xuhaixu,sra,2
xxxxxxin,alauer,1
xxxxxxin,gershon,1
xxxxxxin,katiav,3
xxxxxxin,mingrui,1
xxxxxxin,nbarry,1
xxxxxxin,viirj,1
yagol,abhia,1
yagol,cassiano,2
yagol,cq_zhang,2
yagol,jerryao,2
yagol,lukeji,2
yagol,mcllin,2
yagol,ptinn,2
yagol,taiyu,1
yangtao,gbernal,1
yasushis,aberke,1
yasushis,agrignar,3
yasushis,alonsolp,3
yasushis,csmuts,1
yasushis,doorleyr,3
yasushis,gba,1
yasushis,gbabio,2
yasushis,maitanei,1
yasushis,mcllin,1
yasushis,mdchurch,2
yasushis,nicolelh,1
yasushis,noyman,4
yasushis,ptinn,1
yasushis,ryanz,3
yasushis,thomassl,1
yedan,xxxxxxin,1
yjtai,asling,2
yjtai,bader_ch,2
yjtai,darweesh,1
yjtai,dlizardo,1
yjtai,dumo,2
yjtai,j_duro,2
yjtai,jpcosta,1
yjtai,jvanzak,2
yjtai,limulus,1
yjtai,nah6cz,2
yjtai,ssunanda,1
yleng,agnis,1
yleng,agrignar,2
yleng,alfredom,1
yleng,alonsolp,2
yleng,bakker,1
yleng,csmuts,2
yleng,dcalacci,1
yleng,devisj,2
yleng,dhaval,1
yleng,doorleyr,1
yleng,dubeya,1
yleng,emoro,1
yleng,jiw,2
yleng,jobalbar,1
yleng,lrocher,1
yleng,mcllin,1
yleng,naichun,1
yleng,noriega,1
yleng,noyman,2
yleng,pkrafft,1
yleng,ryanz,1
yleng,singhv,1
yleng,xdong,1
yonatanc,smithkim,1
yuhanhu,sangwon,1
yumikom,kamcco,1
yumikom,ps1,1
yun_choi,vsumini,1
yunfeima,jleng,1
yunfeima,nselby,3
yunfeima,unsoo,1
yusufa,muthui,1
yva,eaman,1
zandera,calebh,1
zandera,delapa,1
zandera,hildreth,1
zandera,poitrast,1
zandera,rebekahj,1
zandera,snowak,1
zandera,tsavas,1
zhangjia,cjaffe,1
zhangjia,echristo,1
zhangjia,saquib,1
zhangjia,srife,1
zhluo,yunfeima,2
zittrain,cbarabas,1
zittrain,kdinakar,1
zittrain,madars,1
zittrain,nsaltiel,1
zive,blakeley,1
zive,cebrian,3
zive,dubeya,2
zive,emoro,1
zive,felbo,1
zive,groh,5
zive,judyshen,1
zive,niccolop,2
zive,nobradov,3
zixiliu,danask,1
zixiliu,kmoerman,1
zixiliu,srkeyes,1
