ML_GROUP,ML_GROUP_SIMPLIFIED
Fluid Interfaces,Fluid Interfaces
Human Dynamics,Human Dynamics
Lifelong Kindergarten,Lifelong Kindergarten
Mediated Matter,Mediated Matter
Molecular Machines,Molecular Machines
Object Based Media,Object Based Media
Object-Based Media,Object Based Media
Open Agriculture (OpenAg),Open Agriculture
Opera of the Future,Opera of the Future
Personal Robots,Personal Robots
Playful Systems,Playful Systems
Poetic Justice,Poetic Justice
Responsive Environments,Responsive Environments
Respsonsive Environments,Responsive Environments
Scalable Cooperation,Scalable Cooperation
Sculpting Evolution,Sculpting Evolution
Signal Kinetics,Signal Kinetics
Social Computing,Social Computing
Social Machines,Social Machines
Space Enabled,Space Enabled
Speech + Mobility,Speech + Mobility
Living Mobile,Speech + Mobility
Synthetic Neurobiology,Synthetic Neurobiology
Tangible Media,Tangible Media
Viral Communications,Viral Communications
Design Fiction,Design Fiction
Conformable Decoders,Conformable Decoders
Collective Learning,Collective Learning
Changing Places,City Science
City Science,City Science
Center for Future Civic Media,Civic Media
Affective Computing,Affective Computing
Biomechatronics,Biomechatronics
Camera Culture,Camera Culture
Center for Bits and Atoms,Center for Bits and Atoms
Center for Civic Media,Civic Media
Civic Media,Civic Media
Digital Currency Initiative (DCI),Initiatives
Space Exploration Initiative,Initiatives
ML Learning,Initiatives
Open Ocean,Initiatives
Director's Fellows,Initiatives
Director's Fellows Program,Initiatives
Affiliates,Affiliates
Visiting Appointments,Affiliates
Visiting Appointments/Affiliates,Affiliates
Ambient Intelligence,Other
Center for Future Banking,Other
Center for Future Storytelling,Other
Center for Mobile Learning,Other
Chairman's Office,Other
Code Next,Other
Cognitive Machines,Other
Communications,Other
Communications Futures Program,Other
Community Biotechnology,Other
Computing Culture,Other
Connection Science,Other
Context-Aware Computing,Other
Counter Intelligence,Other
Design,Other
Design Ecology,Other
Development,Other
Digital Intuition,Other
Digital Life,Other
Digital Nations,Other
Director's Office,Other
Electronic Publishing,Other
Emerging Worlds,Other
Ethics,Other
Ethics and Governance of Artificial Intelligence,Other
Facilities,Other
Finance/Contracts,Other
Future of Learning,Other
Gesture and Narrative Language,Other
Health 0.0,Other
High-Low Tech,Other
House_n,Other
Human Resources,Other
Hundred-Dollar Laptop,Other
Information Ecology,Other
Interactive Experience,Other
Knowledge Futures,Other
Media Fabrics,Other
Member management,Other
"Music, Mind and Machine",Other
Nano-Cybernetic Biotrek,Other
Nanoscale Sensing,Other
Network Computing Systems,Other
Network and Computing Systems,Other
Neuroengineering and Neuromedia,Other
New Media Medicine,Other
Operations and Strategy,Other
Physical Language Workshop,Other
Physics and Media,Other
Program in Media Arts and Sciences,Other
SIMPLICITY,Other
Smart Cities,Other
Sociable Media,Other
Software Agents,Other
Spatial Imaging,Other
Speech Interfaces,Other
Synthetic Characters,Other
Things That Think,Other
Ultimate Media,Other
Viral Spaces,Other
e-Rationality,Other
eRationality,Other
quanta,Other
